{
  "name": "Amen Thompson",
  "team": "HOU Rockets",
  "totalGames": 15,
  "games": [
    {
      "SEASON_ID": 22024,
      "Player_ID": 1641720,
      "Game_ID": 22401191,
      "GAME_DATE": "Apr 13, 2025",
      "MATCHUP": "PHI vs. CHI",
      "WL": "L",
      "MIN": 27.0,
      "FGM": 2,
      "FGA": 9,
      "FG_PCT": 0.222,
      "FG3M": 1,
      "FG3A": 4,
      "FG3_PCT": 0.25,
      "FTM": 2,
      "FTA": 2,
      "FT_PCT": 1.0,
      "OREB": 1,
      "DREB": 1,
      "REB": 2,
      "AST": 3,
      "STL": 0,
      "BLK": 0,
      "TOV": 2,
      "PF": 2,
      "PTS": 7,
      "PLUS_MINUS": -12,
      "VIDEO_AVAILABLE": 1,
      "Poss": 21.6,
      "STL_RATE": 0.0,
      "BLK_RATE": 0.0,
      "DREB_RATE": 0.0462941530484699,
      "PF_RATE": 0.0925883060969399,
      "TOV_RATE": 0.0925883060969399,
      "PM_RATE": -0.5555298365816397,
      "DIS": -11.110596731632794,
      "AST_RATE": 0.1388824591454099,
      "FG3A_RATE": 0.1851766121938799,
      "FTA_RATE": 0.0925883060969399,
      "FGA_RATE": 0.4166473774362297,
      "OGI": 32.63737789917133,
      "Contest_Rate": 0.0,
      "Rim_Deterrence": 1.157353826211749,
      "TO_Pressure": 0.0,
      "OnOff_Net": -4.166473774362298
    },
    {
      "SEASON_ID": 22024,
      "Player_ID": 1641720,
      "Game_ID": 22401173,
      "GAME_DATE": "Apr 11, 2025",
      "MATCHUP": "PHI vs. ATL",
      "WL": "L",
      "MIN": 32.0,
      "FGM": 3,
      "FGA": 11,
      "FG_PCT": 0.273,
      "FG3M": 1,
      "FG3A": 2,
      "FG3_PCT": 0.5,
      "FTM": 0,
      "FTA": 0,
      "FT_PCT": 0.0,
      "OREB": 0,
      "DREB": 5,
      "REB": 5,
      "AST": 6,
      "STL": 0,
      "BLK": 0,
      "TOV": 0,
      "PF": 2,
      "PTS": 7,
      "PLUS_MINUS": -6,
      "VIDEO_AVAILABLE": 1,
      "Poss": 25.6,
      "STL_RATE": 0.0,
      "BLK_RATE": 0.0,
      "DREB_RATE": 0.1953048709034803,
      "PF_RATE": 0.0781219483613921,
      "TOV_RATE": 0.0,
      "PM_RATE": -0.2343658450841763,
      "DIS": 8.984024061560094,
      "AST_RATE": 0.2343658450841763,
      "FG3A_RATE": 0.0781219483613921,
      "FTA_RATE": 0.0,
      "FGA_RATE": 0.4296707159876567,
      "OGI": 31.05347447365337,
      "Contest_Rate": 0.0,
      "Rim_Deterrence": 4.882621772587008,
      "TO_Pressure": 0.0,
      "OnOff_Net": 2.343658450841764
    },
    {
      "SEASON_ID": 22024,
      "Player_ID": 1641720,
      "Game_ID": 22401145,
      "GAME_DATE": "Apr 07, 2025",
      "MATCHUP": "PHI @ MIA",
      "WL": "L",
      "MIN": 20.0,
      "FGM": 0,
      "FGA": 2,
      "FG_PCT": 0.0,
      "FG3M": 0,
      "FG3A": 2,
      "FG3_PCT": 0.0,
      "FTM": 0,
      "FTA": 0,
      "FT_PCT": 0.0,
      "OREB": 0,
      "DREB": 2,
      "REB": 2,
      "AST": 1,
      "STL": 0,
      "BLK": 0,
      "TOV": 0,
      "PF": 1,
      "PTS": 0,
      "PLUS_MINUS": -8,
      "VIDEO_AVAILABLE": 1,
      "Poss": 16.0,
      "STL_RATE": 0.0,
      "BLK_RATE": 0.0,
      "DREB_RATE": 0.1249921879882507,
      "PF_RATE": 0.0624960939941253,
      "TOV_RATE": 0.0,
      "PM_RATE": -0.4999687519530029,
      "DIS": 0.0,
      "AST_RATE": 0.0624960939941253,
      "FG3A_RATE": 0.1249921879882507,
      "FTA_RATE": 0.0,
      "FGA_RATE": 0.1249921879882507,
      "OGI": 13.74914067870758,
      "Contest_Rate": 0.0,
      "Rim_Deterrence": 3.124804699706268,
      "TO_Pressure": 0.0,
      "OnOff_Net": -3.7497656396475216
    },
    {
      "SEASON_ID": 22024,
      "Player_ID": 1641720,
      "Game_ID": 22401130,
      "GAME_DATE": "Apr 05, 2025",
      "MATCHUP": "PHI vs. MIN",
      "WL": "L",
      "MIN": 22.0,
      "FGM": 3,
      "FGA": 9,
      "FG_PCT": 0.333,
      "FG3M": 1,
      "FG3A": 4,
      "FG3_PCT": 0.25,
      "FTM": 0,
      "FTA": 0,
      "FT_PCT": 0.0,
      "OREB": 0,
      "DREB": 1,
      "REB": 1,
      "AST": 2,
      "STL": 1,
      "BLK": 0,
      "TOV": 2,
      "PF": 3,
      "PTS": 7,
      "PLUS_MINUS": -15,
      "VIDEO_AVAILABLE": 1,
      "Poss": 17.6,
      "STL_RATE": 0.0568149536958127,
      "BLK_RATE": 0.0,
      "DREB_RATE": 0.0568149536958127,
      "PF_RATE": 0.1704448610874382,
      "TOV_RATE": 0.1136299073916254,
      "PM_RATE": -0.852224305437191,
      "DIS": -1.4203738423953185,
      "AST_RATE": 0.1136299073916254,
      "FG3A_RATE": 0.2272598147832509,
      "FTA_RATE": 0.0,
      "FGA_RATE": 0.5113345832623145,
      "OGI": 32.10044883813419,
      "Contest_Rate": 2.181719012772146,
      "Rim_Deterrence": 1.4203738423953185,
      "TO_Pressure": 11.362990739162546,
      "OnOff_Net": -7.954093517413781
    },
    {
      "SEASON_ID": 22024,
      "Player_ID": 1641720,
      "Game_ID": 22401115,
      "GAME_DATE": "Apr 03, 2025",
      "MATCHUP": "PHI vs. MIL",
      "WL": "L",
      "MIN": 19.0,
      "FGM": 3,
      "FGA": 5,
      "FG_PCT": 0.6,
      "FG3M": 1,
      "FG3A": 3,
      "FG3_PCT": 0.333,
      "FTM": 0,
      "FTA": 0,
      "FT_PCT": 0.0,
      "OREB": 0,
      "DREB": 3,
      "REB": 3,
      "AST": 3,
      "STL": 0,
      "BLK": 0,
      "TOV": 0,
      "PF": 3,
      "PTS": 7,
      "PLUS_MINUS": 0,
      "VIDEO_AVAILABLE": 1,
      "Poss": 15.2,
      "STL_RATE": 0.0,
      "BLK_RATE": 0.0,
      "DREB_RATE": 0.1973554371422932,
      "PF_RATE": 0.1973554371422932,
      "TOV_RATE": 0.0,
      "PM_RATE": 0.0,
      "DIS": 7.89421748569173,
      "AST_RATE": 0.1973554371422932,
      "FG3A_RATE": 0.1973554371422932,
      "FTA_RATE": 0.0,
      "FGA_RATE": 0.3289257285704888,
      "OGI": 31.905795671337412,
      "Contest_Rate": 0.0,
      "Rim_Deterrence": 4.933885928557332,
      "TO_Pressure": 0.0,
      "OnOff_Net": 3.947108742845865
    },
    {
      "SEASON_ID": 22024,
      "Player_ID": 1641720,
      "Game_ID": 22401087,
      "GAME_DATE": "Mar 30, 2025",
      "MATCHUP": "PHI vs. TOR",
      "WL": "L",
      "MIN": 27.0,
      "FGM": 6,
      "FGA": 8,
      "FG_PCT": 0.75,
      "FG3M": 1,
      "FG3A": 2,
      "FG3_PCT": 0.5,
      "FTM": 5,
      "FTA": 5,
      "FT_PCT": 1.0,
      "OREB": 0,
      "DREB": 2,
      "REB": 2,
      "AST": 5,
      "STL": 1,
      "BLK": 1,
      "TOV": 5,
      "PF": 0,
      "PTS": 18,
      "PLUS_MINUS": 5,
      "VIDEO_AVAILABLE": 1,
      "Poss": 21.6,
      "STL_RATE": 0.0462941530484699,
      "BLK_RATE": 0.0462941530484699,
      "DREB_RATE": 0.0925883060969399,
      "PF_RATE": 0.0,
      "TOV_RATE": 0.2314707652423498,
      "PM_RATE": 0.2314707652423498,
      "DIS": 29.39678718577844,
      "AST_RATE": 0.2314707652423498,
      "FG3A_RATE": 0.0925883060969399,
      "FTA_RATE": 0.2314707652423498,
      "FGA_RATE": 0.3703532243877598,
      "OGI": 38.192676264987725,
      "Contest_Rate": 3.555423873189881,
      "Rim_Deterrence": 11.573538262117491,
      "TO_Pressure": 9.258830609693996,
      "OnOff_Net": 3.472061478635248
    },
    {
      "SEASON_ID": 22024,
      "Player_ID": 1641720,
      "Game_ID": 22401076,
      "GAME_DATE": "Mar 29, 2025",
      "MATCHUP": "PHI vs. MIA",
      "WL": "L",
      "MIN": 13.0,
      "FGM": 1,
      "FGA": 3,
      "FG_PCT": 0.333,
      "FG3M": 0,
      "FG3A": 1,
      "FG3_PCT": 0.0,
      "FTM": 0,
      "FTA": 0,
      "FT_PCT": 0.0,
      "OREB": 0,
      "DREB": 0,
      "REB": 0,
      "AST": 2,
      "STL": 0,
      "BLK": 0,
      "TOV": 2,
      "PF": 1,
      "PTS": 2,
      "PLUS_MINUS": -9,
      "VIDEO_AVAILABLE": 1,
      "Poss": 10.4,
      "STL_RATE": 0.0,
      "BLK_RATE": 0.0,
      "DREB_RATE": 0.0,
      "PF_RATE": 0.0961446014806268,
      "TOV_RATE": 0.1922892029612537,
      "PM_RATE": -0.8653014133256418,
      "DIS": -22.593981347947317,
      "AST_RATE": 0.1922892029612537,
      "FG3A_RATE": 0.0961446014806268,
      "FTA_RATE": 0.0,
      "FGA_RATE": 0.2884338044418806,
      "OGI": 25.47831939236612,
      "Contest_Rate": 0.0,
      "Rim_Deterrence": 0.0,
      "TO_Pressure": 0.0,
      "OnOff_Net": -7.691568118450149
    },
    {
      "SEASON_ID": 22024,
      "Player_ID": 1641720,
      "Game_ID": 22401041,