{
  "name": "Chet Holmgren",
  "team": "OKC Thunder",
  "totalGames": 9,
  "games": [
    {
      "SEASON_ID": 22024,
      "Player_ID": 1631166,
      "Game_ID": 22401188,
      "GAME_DATE": "Apr 13, 2025",
      "MATCHUP": "BKN vs. NYK",
      "WL": "L",
      "MIN": 31.0,
      "FGM": 4,
      "FGA": 11,
      "FG_PCT": 0.364,
      "FG3M": 1,
      "FG3A": 6,
      "FG3_PCT": 0.167,
      "FTM": 2,
      "FTA": 4,
      "FT_PCT": 0.5,
      "OREB": 0,
      "DREB": 8,
      "REB": 8,
      "AST": 2,
      "STL": 0,
      "BLK": 0,
      "TOV": 2,
      "PF": 2,
      "PTS": 11,
      "PLUS_MINUS": -3,
      "VIDEO_AVAILABLE": 2,
      "Poss": 24.8,
      "STL_RATE": 0.0,
      "BLK_RATE": 0.0,
      "DREB_RATE": 0.3225676384016773,
      "PF_RATE": 0.0806419096004193,
      "TOV_RATE": 0.0806419096004193,
      "PM_RATE": -0.1209628644006289,
      "DIS": 18.3460344340954,
      "AST_RATE": 0.0806419096004193,
      "FG3A_RATE": 0.2419257288012579,
      "FTA_RATE": 0.1612838192008386,
      "FGA_RATE": 0.4435305028023063,
      "OGI": 34.47441635417927,
      "Contest_Rate": 0.0,
      "Rim_Deterrence": 8.064190960041934,
      "TO_Pressure": 0.0,
      "OnOff_Net": -0.8064190960041933
    },
    {
      "SEASON_ID": 22024,
      "Player_ID": 1631166,
      "Game_ID": 22401179,
      "GAME_DATE": "Apr 11, 2025",
      "MATCHUP": "BKN @ MIN",
      "WL": "L",
      "MIN": 40.0,
      "FGM": 5,
      "FGA": 21,
      "FG_PCT": 0.238,
      "FG3M": 1,
      "FG3A": 7,
      "FG3_PCT": 0.143,
      "FTM": 0,
      "FTA": 1,
      "FT_PCT": 0.0,
      "OREB": 6,
      "DREB": 4,
      "REB": 10,
      "AST": 2,
      "STL": 0,
      "BLK": 0,
      "TOV": 2,
      "PF": 4,
      "PTS": 11,
      "PLUS_MINUS": -14,
      "VIDEO_AVAILABLE": 2,
      "Poss": 32.0,
      "STL_RATE": 0.0,
      "BLK_RATE": 0.0,
      "DREB_RATE": 0.1249960938720665,
      "PF_RATE": 0.1249960938720665,
      "TOV_RATE": 0.0624980469360332,
      "PM_RATE": -0.4374863285522328,
      "DIS": -3.4373925814818302,
      "AST_RATE": 0.0624980469360332,
      "FG3A_RATE": 0.2187431642761164,
      "FTA_RATE": 0.0312490234680166,
      "FGA_RATE": 0.6562294928283492,
      "OGI": 32.81147464141746,
      "Contest_Rate": 0.0,
      "Rim_Deterrence": 3.1249023468016626,
      "TO_Pressure": 0.0,
      "OnOff_Net": -4.062373050842162
    },
    {
      "SEASON_ID": 22024,
      "Player_ID": 1631166,
      "Game_ID": 22401169,
      "GAME_DATE": "Apr 10, 2025",
      "MATCHUP": "BKN vs. ATL",
      "WL": "L",
      "MIN": 29.0,
      "FGM": 4,
      "FGA": 11,
      "FG_PCT": 0.364,
      "FG3M": 3,
      "FG3A": 6,
      "FG3_PCT": 0.5,
      "FTM": 2,
      "FTA": 2,
      "FT_PCT": 1.0,
      "OREB": 1,
      "DREB": 10,
      "REB": 11,
      "AST": 6,
      "STL": 0,
      "BLK": 0,
      "TOV": 2,
      "PF": 3,
      "PTS": 13,
      "PLUS_MINUS": 3,
      "VIDEO_AVAILABLE": 1,
      "Poss": 23.200000000000003,
      "STL_RATE": 0.0,
      "BLK_RATE": 0.0,
      "DREB_RATE": 0.4310159044868755,
      "PF_RATE": 0.1293047713460626,
      "TOV_RATE": 0.0862031808973751,
      "PM_RATE": 0.1293047713460626,
      "DIS": 28.662557648377216,
      "AST_RATE": 0.2586095426921252,
      "FG3A_RATE": 0.2586095426921252,
      "FTA_RATE": 0.0862031808973751,
      "FGA_RATE": 0.474117494935563,
      "OGI": 45.90319382785224,
      "Contest_Rate": 0.0,
      "Rim_Deterrence": 10.775397612171886,
      "TO_Pressure": 0.0,
      "OnOff_Net": 5.172190853842506
    },
    {
      "SEASON_ID": 22024,
      "Player_ID": 1631166,
      "Game_ID": 22401150,
      "GAME_DATE": "Apr 08, 2025",
      "MATCHUP": "BKN vs. NOP",
      "WL": "W",
      "MIN": 29.0,
      "FGM": 7,
      "FGA": 10,
      "FG_PCT": 0.7,
      "FG3M": 1,
      "FG3A": 1,
      "FG3_PCT": 1.0,
      "FTM": 1,
      "FTA": 3,
      "FT_PCT": 0.333,
      "OREB": 0,
      "DREB": 9,
      "REB": 9,
      "AST": 1,
      "STL": 0,
      "BLK": 0,
      "TOV": 1,
      "PF": 3,
      "PTS": 16,
      "PLUS_MINUS": -8,
      "VIDEO_AVAILABLE": 1,
      "Poss": 23.200000000000003,
      "STL_RATE": 0.0,
      "BLK_RATE": 0.0,
      "DREB_RATE": 0.3879143140381879,
      "PF_RATE": 0.1293047713460626,
      "TOV_RATE": 0.0431015904486875,
      "PM_RATE": -0.3448127235895004,
      "DIS": 19.3957157019094,
      "AST_RATE": 0.0431015904486875,
      "FG3A_RATE": 0.0431015904486875,
      "FTA_RATE": 0.1293047713460626,
      "FGA_RATE": 0.4310159044868755,
      "OGI": 20.473255463126584,
      "Contest_Rate": 0.0,
      "Rim_Deterrence": 9.697857850954698,
      "TO_Pressure": 0.0,
      "OnOff_Net": -3.232619283651566
    },
    {
      "SEASON_ID": 22024,
      "Player_ID": 1631166,
      "Game_ID": 22401134,
      "GAME_DATE": "Apr 06, 2025",
      "MATCHUP": "BKN vs. TOR",
      "WL": "L",
      "MIN": 26.0,
      "FGM": 5,
      "FGA": 12,
      "FG_PCT": 0.417,
      "FG3M": 1,
      "FG3A": 4,
      "FG3_PCT": 0.25,
      "FTM": 2,
      "FTA": 2,
      "FT_PCT": 1.0,
      "OREB": 2,
      "DREB": 5,
      "REB": 7,
      "AST": 2,
      "STL": 1,
      "BLK": 0,
      "TOV": 2,
      "PF": 1,
      "PTS": 13,
      "PLUS_MINUS": -12,
      "VIDEO_AVAILABLE": 1,
      "Poss": 20.8,
      "STL_RATE": 0.0480746117975097,
      "BLK_RATE": 0.0,
      "DREB_RATE": 0.2403730589875486,
      "PF_RATE": 0.0480746117975097,
      "TOV_RATE": 0.0961492235950194,
      "PM_RATE": -0.5768953415701168,
      "DIS": 20.191336954954085,
      "AST_RATE": 0.0961492235950194,
      "FG3A_RATE": 0.1922984471900389,
      "FTA_RATE": 0.0961492235950194,
      "FGA_RATE": 0.5768953415701168,
      "OGI": 34.13297437623191,
      "Contest_Rate": 1.846082842967578,
      "Rim_Deterrence": 6.0093264746887165,
      "TO_Pressure": 9.614922359501946,
      "OnOff_Net": -5.28820729772607
    },
    {
      "SEASON_ID": 22024,
      "Player_ID": 1631166,
      "Game_ID": 22401113,
      "GAME_DATE": "Apr 03, 2025",
      "MATCHUP": "BKN vs. MIN",
      "WL": "L",
      "MIN": 24.0,
      "FGM": 3,
      "FGA": 9,
      "FG_PCT": 0.333,
      "FG3M": 0,
      "FG3A": 2,
      "FG3_PCT": 0.0,
      "FTM": 0,
      "FTA": 0,
      "FT_PCT": 0.0,
      "OREB": 0,
      "DREB": 1,
      "REB": 1,
      "AST": 2,
      "STL": 3,
      "BLK": 0,
      "TOV": 1,
      "PF": 1,
      "PTS": 6,
      "PLUS_MINUS": -3,
      "VIDEO_AVAILABLE": 1,
      "Poss": 19.200000000000003,
      "STL_RATE": 0.1562418624029998,
      "BLK_RATE": 0.0,
      "DREB_RATE": 0.0520806208009999,
      "PF_RATE": 0.0520806208009999,
      "TOV_RATE": 0.0520806208009999,
      "PM_RATE": -0.1562418624029998,
      "DIS": 45.04973699286495,
      "AST_RATE": 0.1041612416019998,
      "FG3A_RATE": 0.1041612416019998,
      "FTA_RATE": 0.0,
      "FGA_RATE": 0.4687255872089994,
      "OGI": 24.21748867246497,
      "Contest_Rate": 5.999750010416232,
      "Rim_Deterrence": 1.3020155200249983,
      "TO_Pressure": 31.24837248059996,
      "OnOff_Net": -0.2604031040049996
    },
    {
      "SEASON_ID": 22024,
      "Player_ID": 1631166,
      "Game_ID": 22401095,
      "GAME_DATE": "Mar 31, 2025",
      "MATCHUP": "BKN @ DAL",
      "WL": "W",
      "MIN": 21.0,
      "FGM": 4,
      "FGA": 8,
      "FG_PCT": 0.5,
      "FG3M": 1,
      "FG3A": 3,
      "FG3_PCT": 0.333,
      "FTM": 0,
      "FTA": 0,
      "FT_PCT": 0.0,
      "OREB": 1,
      "DREB": 2,
      "REB": 3,
      "AST": 1,
      "STL": 0,
      "BLK": 1,
      "TOV": 1,
      "PF": 4,
      "PTS": 9,
      "PLUS_MINUS": -4,
      "VIDEO_AVAILABLE": 1,
      "Poss": 16.8,
      "STL_RATE": 0.0,
      "BLK_RATE": 0.0595202666507945,
      "DREB_RATE": 0.1190405333015891,
      "PF_RATE": 0.2380810666031783,
      "TOV_RATE": 0.0595202666507945,
      "PM_RATE": -0.2380810666031783,
      "DIS": 9.523242664127135,
      "AST_RATE": 0.0595202666507945,
      "FG3A_RATE": 0.1785607999523837,
      "FTA_RATE": 0.0,
      "FGA_RATE": 0.4761621332063567,
      "OGI": 24.99851199333373,